Workbook

Sheet Current Value
A1: Item ID/Series | B1: 903-00009
A2: Parameter Name | B2: High MFR by MI40 No1
A3: 0001 | B3: 42.02
A4: 0002 | B4: 42.53
A5: 0003 | B5: 42.54
A6: 0004 | B6: 43
A7: 0005 | B7: 42.48
A8: 0006 | B8: 41.72
A9: 0007 | B9: 42.25
A10: 0008 | B10: 41.69
A11: 0009 | B11: 41.55
A12: 0010 | B12: 42.55
A13: 0011 | B13: 42.41
A14: 0012 | B14: 42.27
... A18: 0016 | B18: 41.64

Sheet UCL
A1: Item ID/Series | B1: 903-00009
A2: Parameter Name | B2: High MFR by MI40 No1
A3: 0001 | B3: 42.75
A4: 0002 | B4: 42.75
A5: 0003 | B5: 42.75
A6: 0004 | B6: 42.75
A7: 0005 | B7: 42.75
A8: 0006 | B8: 42.75
A9: 0007 | B9: 42.75
A10: 0008 | B10: 42.75
A11: 0009 | B11: 42.75
A12: 0010 | B12: 42.75
A13: 0011 | B13: 42.75
A14: 0012 | B14: 42.75
... A18: 0016 | B18: 42.75

Sheet LCL
A1: Item ID/Series | B1: 903-00009
A2: Parameter Name | B2: High MFR by MI40 No1
A3: 0001 | B3: 41.11
A4: 0002 | B4: 41.11
A5: 0003 | B5: 41.11
A6: 0004 | B6: 41.11
A7: 0005 | B7: 41.11
A8: 0006 | B8: 41.11
A9: 0007 | B9: 41.11
A10: 0008 | B10: 41.11
A11: 0009 | B11: 41.11
A12: 0010 | B12: 41.11
A13: 0011 | B13: 41.11
A14: 0012 | B14: 41.11
... A18: 0016 | B18: 41.11

Sheet AVG
A1: Item ID/Series | B1: 903-00009
A2: Parameter Name | B2: High MFR by MI40 No1
A3: 0001 | B3: 41.9
A4: 0002 | B4: 41.9
A5: 0003 | B5: 41.9
A6: 0004 | B6: 41.9
A7: 0005 | B7: 41.9
A8: 0006 | B8: 41.9
A9: 0007 | B9: 41.9
A10: 0008 | B10: 41.9
A11: 0009 | B11: 41.9
A12: 0010 | B12: 41.9
A13: 0011 | B13: 41.9
A14: 0012 | B14: 41.9
... A18: 0016 | B18: 41.9

Sheet Over Control
A1: Item ID/Date | B1: 200121-0001
A2: =OFFSET('Current Value'!$A$1,COUNTA('Current Value'!A:A)-14,0) -> 0003 | B2: =VLOOKUP($A2,'Current Value'!$A$1:$B$18,2,) - VLOOKUP($A3,'Current Value'!$A$1:$B$18,2,) -> -0.46
A3: =OFFSET('Current Value'!$A$1,COUNTA('Current Value'!A:A)-13,0) -> 0004 | B3: =VLOOKUP($A3,'Current Value'!$A$1:$B$18,2,) - VLOOKUP($A4,'Current Value'!$A$1:$B$18,2,) -> 0.52
A4: =OFFSET('Current Value'!$A$1,COUNTA('Current Value'!A:A)-12,0) -> 0005 | B4: =VLOOKUP($A4,'Current Value'!$A$1:$B$18,2,) - VLOOKUP($A5,'Current Value'!$A$1:$B$18,2,) -> 0.76
A5: =OFFSET('Current Value'!$A$1,COUNTA('Current Value'!A:A)-11,0) -> 0006 | B5: =VLOOKUP($A5,'Current Value'!$A$1:$B$18,2,) - VLOOKUP($A6,'Current Value'!$A$1:$B$18,2,) -> -0.53
A6: =OFFSET('Current Value'!$A$1,COUNTA('Current Value'!A:A)-10,0) -> 0007 | B6: =VLOOKUP($A6,'Current Value'!$A$1:$B$18,2,) - VLOOKUP($A7,'Current Value'!$A$1:$B$18,2,) -> 0.56
A7: =OFFSET('Current Value'!$A$1,COUNTA('Current Value'!A:A)-9,0) -> 0008 | B7: =VLOOKUP($A7,'Current Value'!$A$1:$B$18,2,) - VLOOKUP($A8,'Current Value'!$A$1:$B$18,2,) -> 0.14
A8: =OFFSET('Current Value'!$A$1,COUNTA('Current Value'!A:A)-8,0) -> 0009 | B8: =VLOOKUP($A8,'Current Value'!$A$1:$B$18,2,) - VLOOKUP($A9,'Current Value'!$A$1:$B$18,2,) -> -1
A9: =OFFSET('Current Value'!$A$1,COUNTA('Current Value'!A:A)-7,0) -> 0010 | B9: =VLOOKUP($A9,'Current Value'!$A$1:$B$18,2,) - VLOOKUP($A10,'Current Value'!$A$1:$B$18,2,) -> 0.14
A10: =OFFSET('Current Value'!$A$1,COUNTA('Current Value'!A:A)-6,0) -> 0011 | B10: =VLOOKUP($A10,'Current Value'!$A$1:$B$18,2,) - VLOOKUP($A11,'Current Value'!$A$1:$B$18,2,) -> 0.14
A11: =OFFSET('Current Value'!$A$1,COUNTA('Current Value'!A:A)-5,0) -> 0012 | B11: =VLOOKUP($A11,'Current Value'!$A$1:$B$18,2,) - VLOOKUP($A12,'Current Value'!$A$1:$B$18,2,) -> 0.16
A12: =OFFSET('Current Value'!$A$1,COUNTA('Current Value'!A:A)-4,0) -> 0013 | B12: =VLOOKUP($A12,'Current Value'!$A$1:$B$18,2,) - VLOOKUP($A13,'Current Value'!$A$1:$B$18,2,) -> 0.13
A13: =OFFSET('Current Value'!$A$1,COUNTA('Current Value'!A:A)-3,0) -> 0014 | B13: =VLOOKUP($A13,'Current Value'!$A$1:$B$18,2,) - VLOOKUP($A14,'Current Value'!$A$1:$B$18,2,) -> 0.11
A14: =OFFSET('Current Value'!$A$1,COUNTA('Current Value'!A:A)-2,0) -> 0015 | B14: =VLOOKUP($A14,'Current Value'!$A$1:$B$18,2,) - VLOOKUP($A15,'Current Value'!$A$1:$B$18,2,) -> 0.23
A15: =OFFSET('Current Value'!$A$1,COUNTA('Current Value'!A:A)-1,0) -> 0016
B18: =IF(SUM(B19:B32) = 12,"TRUE","FALSE") -> FALSE
A19: =A2 -> 0003 | B19: =IF(B2<0,IF(B3>0,1,0),IF(B3<0,1,0)) -> 1
A20: =A3 -> 0004 | B20: =IF(B3<0,IF(B4>0,1,0),IF(B4<0,1,0)) -> 0
A21: =A4 -> 0005 | B21: =IF(B4<0,IF(B5>0,1,0),IF(B5<0,1,0)) -> 1
A22: =A5 -> 0006 | B22: =IF(B5<0,IF(B6>0,1,0),IF(B6<0,1,0)) -> 1
A23: =A6 -> 0007 | B23: =IF(B6<0,IF(B7>0,1,0),IF(B7<0,1,0)) -> 0
A24: =A7 -> 0008 | B24: =IF(B7<0,IF(B8>0,1,0),IF(B8<0,1,0)) -> 1
A25: =A8 -> 0009 | B25: =IF(B8<0,IF(B9>0,1,0),IF(B9<0,1,0)) -> 1
A26: =A9 -> 0010 | B26: =IF(B9<0,IF(B10>0,1,0),IF(B10<0,1,0)) -> 0
A27: =A10 -> 0011 | B27: =IF(B10<0,IF(B11>0,1,0),IF(B11<0,1,0)) -> 0
A28: =A11 -> 0012 | B28: =IF(B11<0,IF(B12>0,1,0),IF(B12<0,1,0)) -> 0
A29: =A12 -> 0013 | B29: =IF(B12<0,IF(B13>0,1,0),IF(B13<0,1,0)) -> 0
A30: =A13 -> 0014 | B30: =IF(B13<0,IF(B14>0,1,0),IF(B14<0,1,0)) -> 0
... A32: =A15 -> 0016 | B32: =IF(B15<0,IF(B16>0,1,0),IF(B16<0,1,0)) -> 0

Sheet Beyond Limit
A1: Item ID/Date | B1: 200121-0001
A2: =OFFSET('Current Value'!A1,COUNTA('Current Value'!A:A)-1,0) -> 0016 | B2: =IF(VLOOKUP($A$2,'Current Value'!$A$1:$B$18,2,TRUE) > VLOOKUP($A$2,UCL!$A$1:$B$17,2,TRUE),"OVER",IF(VLOOKUP($A$2,'Current Value'!$A$1:$B$18,2,TRUE) < VLOOKUP($A$2,LCL!$A$1:$B$17,2,TRUE),"UNDER","NORMAL")) -> NORMAL

Sheet Bias
A1: Item ID/Date | B1: 200121-0001
A2: =OFFSET('Current Value'!$A$1,COUNTA('Current Value'!A:A)-1,0) -> 0016 | B2: =VLOOKUP($A2,'Current Value'!$A$1:$B$18,2,TRUE) - VLOOKUP($A2,AVG!$A$1:$B$17,2,TRUE) -> -0.26
A3: =OFFSET('Current Value'!$A$1,COUNTA('Current Value'!A:A)-2,0) -> 0015 | B3: =VLOOKUP($A3,'Current Value'!$A$1:$B$18,2,TRUE) - VLOOKUP($A3,AVG!$A$1:$B$17,2,TRUE) -> -0.03
A4: =OFFSET('Current Value'!$A$1,COUNTA('Current Value'!A:A)-3,0) -> 0014 | B4: =VLOOKUP($A4,'Current Value'!$A$1:$B$18,2,TRUE) - VLOOKUP($A4,AVG!$A$1:$B$17,2,TRUE) -> 0.08
A5: =OFFSET('Current Value'!$A$1,COUNTA('Current Value'!A:A)-4,0) -> 0013 | B5: =VLOOKUP($A5,'Current Value'!$A$1:$B$18,2,TRUE) - VLOOKUP($A5,AVG!$A$1:$B$17,2,TRUE) -> 0.21
A6: =OFFSET('Current Value'!$A$1,COUNTA('Current Value'!A:A)-5,0) -> 0012 | B6: =VLOOKUP($A6,'Current Value'!$A$1:$B$18,2,TRUE) - VLOOKUP($A6,AVG!$A$1:$B$17,2,TRUE) -> 0.37
A7: =OFFSET('Current Value'!$A$1,COUNTA('Current Value'!A:A)-6,0) -> 0011 | B7: =VLOOKUP($A7,'Current Value'!$A$1:$B$18,2,TRUE) - VLOOKUP($A7,AVG!$A$1:$B$17,2,TRUE) -> 0.51
A8: =OFFSET('Current Value'!$A$1,COUNTA('Current Value'!A:A)-7,0) -> 0010 | B8: =VLOOKUP($A8,'Current Value'!$A$1:$B$18,2,TRUE) - VLOOKUP($A8,AVG!$A$1:$B$17,2,TRUE) -> 0.65
A9: =OFFSET('Current Value'!$A$1,COUNTA('Current Value'!A:A)-8,0) -> 0009 | B9: =VLOOKUP($A9,'Current Value'!$A$1:$B$18,2,TRUE) - VLOOKUP($A9,AVG!$A$1:$B$17,2,TRUE) -> -0.35
B10: =IF(COUNTIF(B2:B8,"<0") = 7,"LWL",IF(COUNTIF(B2:B8,">0") = 7, "UWL","NORMAL")) -> NORMAL

Sheet Trend
A1: Item ID/Date | B1: 200121-0001
A2: =OFFSET('Current Value'!$A$1,COUNTA('Current Value'!A:A)-1,0) -> 0016 | B2: =VLOOKUP($A2,'Current Value'!$A$1:$B$18,2,TRUE) - VLOOKUP($A3,'Current Value'!$A$1:$B$18,2,TRUE) -> -0.23
A3: =OFFSET('Current Value'!$A$1,COUNTA('Current Value'!A:A)-2,0) -> 0015 | B3: =VLOOKUP($A3,'Current Value'!$A$1:$B$18,2,TRUE) - VLOOKUP($A4,'Current Value'!$A$1:$B$18,2,TRUE) -> -0.11
A4: =OFFSET('Current Value'!$A$1,COUNTA('Current Value'!A:A)-3,0) -> 0014 | B4: =VLOOKUP($A4,'Current Value'!$A$1:$B$18,2,TRUE) - VLOOKUP($A5,'Current Value'!$A$1:$B$18,2,TRUE) -> -0.13
A5: =OFFSET('Current Value'!$A$1,COUNTA('Current Value'!A:A)-4,0) -> 0013 | B5: =VLOOKUP($A5,'Current Value'!$A$1:$B$18,2,TRUE) - VLOOKUP($A6,'Current Value'!$A$1:$B$18,2,TRUE) -> -0.16
A6: =OFFSET('Current Value'!$A$1,COUNTA('Current Value'!A:A)-5,0) -> 0012 | B6: =VLOOKUP($A6,'Current Value'!$A$1:$B$18,2,TRUE) - VLOOKUP($A7,'Current Value'!$A$1:$B$18,2,TRUE) -> -0.14
A7: =OFFSET('Current Value'!$A$1,COUNTA('Current Value'!A:A)-6,0) -> 0011 | B7: =VLOOKUP($A7,'Current Value'!$A$1:$B$18,2,TRUE) - VLOOKUP($A8,'Current Value'!$A$1:$B$18,2,TRUE) -> -0.14
A8: =OFFSET('Current Value'!$A$1,COUNTA('Current Value'!A:A)-7,0) -> 0010 | B8: =VLOOKUP($A8,'Current Value'!$A$1:$B$18,2,TRUE) - VLOOKUP($A9,'Current Value'!$A$1:$B$18,2,TRUE) -> 1
A9: =OFFSET('Current Value'!$A$1,COUNTA('Current Value'!A:A)-8,0) -> 0009 | B9: =VLOOKUP($A9,'Current Value'!$A$1:$B$18,2,TRUE) -> 41.55
B10: =IF(COUNTIF(B2:B7,"<=0") = 6,"DOWN",IF(COUNTIF(B2:B7,">=0") = 6, "UP","NORMAL")) -> DOWN

Sheet Summary
A1: ITEM ID | B1: =Table1[[#Headers],[903-00009]] -> 903-00009
A2: Control Type\Name | B2: =Table1[[#This Row],[903-00009]] -> High MFR by MI40 No1
A3: Normal | B3: =IF(SUM(B4:B10) > 0,0,1) -> 0
A4: Beyond Limit - Over | B4: =IF(Table5[200121-0001]="OVER",1,0) -> 0
A5: Beyond Limit - Under | B5: =IF(Table5[200121-0001]="UNDER",1,0) -> 0
A6: Bias - UWL | B6: =IF(Bias!B10="UWL",1,0) -> 0
A7: Bias - LWL | B7: =IF(Bias!B10="LWL",1,0) -> 0
A8: Trend - Up | B8: =IF(Trend!B10="UP",1,0) -> 0
A9: Trend - Down | B9: =IF(Trend!B10="DOWN",1,0) -> 1
A10: Over Control | B10: =IF('Over Control'!B18="TRUE",1,0) -> 0

Sheet Raw Data
A1: ITEM_ID | B1: PARAMETER_NAME | C1: SAMPLE_ID | D1: VALUE | E1: UCL_VALUE | F1: LCL_VALUE | G1: AVG_VALUE | H1: NORMAL_VALUE | I1: BEYOND_OVER | J1: BEYOND_UNDER | K1: BIAS_UWL | L1: BIAS_LWL | M1: TREND_UP | N1: TREND_DOWN | O1: OVER_CONTROL | P1: CREATE_TIME (Date / Time)
A2: 200121-0001 | B2: AAAAAAAAAA | C2: 000001 | D2: 20 | E2: 50 | F2: 10 | G2: 25 | H2: =IF(SUM(I2:P2)=0,1,0) -> #REF! | I2: =IF(Table5[200121-0001]="UNDER",1,0) -> 0 | J2: =IF(_xlfn.SINGLE(#REF!)="OVER",1,0) -> #REF! | K2: =IF(Bias!B10="LWL",1,0) -> 0 | L2: =IF(Bias!#REF!="UWL",1,0) -> #REF! | M2: =IF(Trend!B10="UP",1,0) -> 0 | N2: =IF(Trend!#REF!="DOWN",1,0) -> #REF! | O2: 0 | P2: =(IF('Over Control'!B18,1,0)) -> 0
A3: 200121-0001 | B3: AAAAAAAAAA | C3: 000002 | D3: 7 | E3: 50 | F3: 10 | G3: 25 | H3: =IF(SUM(I3:P3)=0,1,0) -> #REF! | I3: =IF(Table5[200121-0001]="UNDER",1,0) -> 0 | J3: =IF(_xlfn.SINGLE(#REF!)="OVER",1,0) -> #REF! | K3: =IF(Bias!B11="LWL",1,0) -> 0 | L3: =IF(Bias!C11="UWL",1,0) -> 0 | M3: =IF(Trend!B11="UP",1,0) -> 0 | N3: =IF(Trend!C11="DOWN",1,0) -> 0 | O3: 0 | P3: =(IF('Over Control'!B19,1,0)) -> 1
A4: 200121-0001 | B4: AAAAAAAAAA | C4: 000002 | D4: 65 | E4: 50 | F4: 10 | G4: 25 | H4: =IF(SUM(I4:P4)=0,1,0) -> #REF! | I4: =IF(Table5[200121-0001]="UNDER",1,0) -> 0 | J4: =IF(_xlfn.SINGLE(#REF!)="OVER",1,0) -> #REF! | K4: =IF(Bias!B12="LWL",1,0) -> 0 | L4: =IF(Bias!C12="UWL",1,0) -> 0 | M4: =IF(Trend!B12="UP",1,0) -> 0 | N4: =IF(Trend!C12="DOWN",1,0) -> 0 | O4: 0 | P4: =(IF('Over Control'!B20,1,0)) -> 0
A5: 200121-0001 | B5: AAAAAAAAAA | C5: 000002 | D5: 32 | E5: 50 | F5: 10 | G5: 25 | H5: =IF(SUM(I5:P5)=0,1,0) -> #REF! | I5: =IF(Table5[200121-0001]="UNDER",1,0) -> 0 | J5: =IF(_xlfn.SINGLE(#REF!)="OVER",1,0) -> #REF! | K5: =IF(Bias!B13="LWL",1,0) -> 0 | L5: =IF(Bias!C13="UWL",1,0) -> 0 | M5: =IF(Trend!B13="UP",1,0) -> 0 | N5: =IF(Trend!C13="DOWN",1,0) -> 0 | O5: 0 | P5: =(IF('Over Control'!B21,1,0)) -> 1
A8: - Insert New Record
A10: - Update Existing Record
