Workbook

Sheet Current Value
A1: Item ID/Date | B1: 200121-00001 | C1: 200121-0003 | D1: 200121-0004 | E1: 200121-0005
A2: parameter name | B2: Xylene soluble
A3: 07/01/2022 | B3: 0 | C3: 7 | D3: 19 | E3: 38

Sheet UCL
A1: Item ID/Date | B1: 200121-0001 | C1: 200121-0002 | D1: 200121-0003 | E1: 200121-0004 | F1: 200121-0005
A2: 44652 | B2: 10 | C2: 20 | D2: 30 | E2: 40 | F2: 50
A3: 44653 | B3: 10 | C3: 20 | D3: 30 | E3: 40 | F3: 50
A4: 44654 | B4: 10 | C4: 20 | D4: 30 | E4: 40 | F4: 50
A5: 44655 | B5: 10 | C5: 20 | D5: 30 | E5: 40 | F5: 50
A6: 44656 | B6: 10 | C6: 20 | D6: 30 | E6: 40 | F6: 50
A7: 44657 | B7: 10 | C7: 20 | D7: 30 | E7: 40 | F7: 50
A8: 44658 | B8: 10 | C8: 20 | D8: 30 | E8: 40 | F8: 50
A9: 44659 | B9: 10 | C9: 20 | D9: 30 | E9: 40 | F9: 50
A10: 44660 | B10: 10 | C10: 20 | D10: 30 | E10: 40 | F10: 50
A11: 44661 | B11: 10 | C11: 20 | D11: 30 | E11: 40 | F11: 50
A12: 44662 | B12: 10 | C12: 20 | D12: 30 | E12: 40 | F12: 50
A13: 44663 | B13: 10 | C13: 20 | D13: 30 | E13: 40 | F13: 50
... A17: 44667 | B17: 10 | C17: 20 | D17: 30 | E17: 40 | F17: 50

Sheet LCL
A1: Item ID/Date | B1: 200121-0001 | C1: 200121-0002 | D1: 200121-0003 | E1: 200121-0004 | F1: 200121-0005
A2: 44652 | B2: 1 | C2: 5 | D2: 10 | E2: 15 | F2: 20
A3: 44653 | B3: 1 | C3: 5 | D3: 10 | E3: 15 | F3: 20
A4: 44654 | B4: 1 | C4: 5 | D4: 10 | E4: 15 | F4: 20
A5: 44655 | B5: 1 | C5: 5 | D5: 10 | E5: 15 | F5: 20
A6: 44656 | B6: 1 | C6: 5 | D6: 10 | E6: 15 | F6: 20
A7: 44657 | B7: 1 | C7: 5 | D7: 10 | E7: 15 | F7: 20
A8: 44658 | B8: 1 | C8: 5 | D8: 10 | E8: 15 | F8: 20
A9: 44659 | B9: 1 | C9: 5 | D9: 10 | E9: 15 | F9: 20
A10: 44660 | B10: 1 | C10: 5 | D10: 10 | E10: 15 | F10: 20
A11: 44661 | B11: 1 | C11: 5 | D11: 10 | E11: 15 | F11: 20
A12: 44662 | B12: 1 | C12: 5 | D12: 10 | E12: 15 | F12: 20
A13: 44663 | B13: 1 | C13: 5 | D13: 10 | E13: 15 | F13: 20
... A17: 44667 | B17: 1 | C17: 5 | D17: 10 | E17: 15 | F17: 20

Sheet AVG
A1: Item ID/Date | B1: 200121-0001 | C1: 200121-0002 | D1: 200121-0003 | E1: 200121-0004 | F1: 200121-0005
A2: 44652 | B2: =LCL!B2+(UCL!B2-LCL!B2)/2 -> 5.5 | C2: =LCL!C2+(UCL!C2-LCL!C2)/2 -> 12.5 | D2: =LCL!D2+(UCL!D2-LCL!D2)/2 -> 20 | E2: =LCL!E2+(UCL!E2-LCL!E2)/2 -> 27.5 | F2: =LCL!F2+(UCL!F2-LCL!F2)/2 -> 35
A3: 44653 | B3: =LCL!B3+(UCL!B3-LCL!B3)/2 -> 5.5 | C3: =LCL!C3+(UCL!C3-LCL!C3)/2 -> 12.5 | D3: =LCL!D3+(UCL!D3-LCL!D3)/2 -> 20 | E3: =LCL!E3+(UCL!E3-LCL!E3)/2 -> 27.5 | F3: =LCL!F3+(UCL!F3-LCL!F3)/2 -> 35
A4: 44654 | B4: =LCL!B4+(UCL!B4-LCL!B4)/2 -> 5.5 | C4: =LCL!C4+(UCL!C4-LCL!C4)/2 -> 12.5 | D4: =LCL!D4+(UCL!D4-LCL!D4)/2 -> 20 | E4: =LCL!E4+(UCL!E4-LCL!E4)/2 -> 27.5 | F4: =LCL!F4+(UCL!F4-LCL!F4)/2 -> 35
A5: 44655 | B5: =LCL!B5+(UCL!B5-LCL!B5)/2 -> 5.5 | C5: =LCL!C5+(UCL!C5-LCL!C5)/2 -> 12.5 | D5: =LCL!D5+(UCL!D5-LCL!D5)/2 -> 20 | E5: =LCL!E5+(UCL!E5-LCL!E5)/2 -> 27.5 | F5: =LCL!F5+(UCL!F5-LCL!F5)/2 -> 35
A6: 44656 | B6: =LCL!B6+(UCL!B6-LCL!B6)/2 -> 5.5 | C6: =LCL!C6+(UCL!C6-LCL!C6)/2 -> 12.5 | D6: =LCL!D6+(UCL!D6-LCL!D6)/2 -> 20 | E6: =LCL!E6+(UCL!E6-LCL!E6)/2 -> 27.5 | F6: =LCL!F6+(UCL!F6-LCL!F6)/2 -> 35
A7: 44657 | B7: =LCL!B7+(UCL!B7-LCL!B7)/2 -> 5.5 | C7: =LCL!C7+(UCL!C7-LCL!C7)/2 -> 12.5 | D7: =LCL!D7+(UCL!D7-LCL!D7)/2 -> 20 | E7: =LCL!E7+(UCL!E7-LCL!E7)/2 -> 27.5 | F7: =LCL!F7+(UCL!F7-LCL!F7)/2 -> 35
A8: 44658 | B8: =LCL!B8+(UCL!B8-LCL!B8)/2 -> 5.5 | C8: =LCL!C8+(UCL!C8-LCL!C8)/2 -> 12.5 | D8: =LCL!D8+(UCL!D8-LCL!D8)/2 -> 20 | E8: =LCL!E8+(UCL!E8-LCL!E8)/2 -> 27.5 | F8: =LCL!F8+(UCL!F8-LCL!F8)/2 -> 35
A9: 44659 | B9: =LCL!B9+(UCL!B9-LCL!B9)/2 -> 5.5 | C9: =LCL!C9+(UCL!C9-LCL!C9)/2 -> 12.5 | D9: =LCL!D9+(UCL!D9-LCL!D9)/2 -> 20 | E9: =LCL!E9+(UCL!E9-LCL!E9)/2 -> 27.5 | F9: =LCL!F9+(UCL!F9-LCL!F9)/2 -> 35
A10: 44660 | B10: =LCL!B10+(UCL!B10-LCL!B10)/2 -> 5.5 | C10: =LCL!C10+(UCL!C10-LCL!C10)/2 -> 12.5 | D10: =LCL!D10+(UCL!D10-LCL!D10)/2 -> 20 | E10: =LCL!E10+(UCL!E10-LCL!E10)/2 -> 27.5 | F10: =LCL!F10+(UCL!F10-LCL!F10)/2 -> 35
A11: 44661 | B11: =LCL!B11+(UCL!B11-LCL!B11)/2 -> 5.5 | C11: =LCL!C11+(UCL!C11-LCL!C11)/2 -> 12.5 | D11: =LCL!D11+(UCL!D11-LCL!D11)/2 -> 20 | E11: =LCL!E11+(UCL!E11-LCL!E11)/2 -> 27.5 | F11: =LCL!F11+(UCL!F11-LCL!F11)/2 -> 35
A12: 44662 | B12: =LCL!B12+(UCL!B12-LCL!B12)/2 -> 5.5 | C12: =LCL!C12+(UCL!C12-LCL!C12)/2 -> 12.5 | D12: =LCL!D12+(UCL!D12-LCL!D12)/2 -> 20 | E12: =LCL!E12+(UCL!E12-LCL!E12)/2 -> 27.5 | F12: =LCL!F12+(UCL!F12-LCL!F12)/2 -> 35
A13: 44663 | B13: =LCL!B13+(UCL!B13-LCL!B13)/2 -> 5.5 | C13: =LCL!C13+(UCL!C13-LCL!C13)/2 -> 12.5 | D13: =LCL!D13+(UCL!D13-LCL!D13)/2 -> 20 | E13: =LCL!E13+(UCL!E13-LCL!E13)/2 -> 27.5 | F13: =LCL!F13+(UCL!F13-LCL!F13)/2 -> 35
... A17: 44667 | B17: =LCL!B17+(UCL!B17-LCL!B17)/2 -> 5.5 | C17: =LCL!C17+(UCL!C17-LCL!C17)/2 -> 12.5 | D17: =LCL!D17+(UCL!D17-LCL!D17)/2 -> 20 | E17: =LCL!E17+(UCL!E17-LCL!E17)/2 -> 27.5 | F17: =LCL!F17+(UCL!F17-LCL!F17)/2 -> 35

Sheet Beyond Limit
A1: Item ID/Date | B1: 200121-0001 | C1: 200121-0002 | D1: 200121-0003 | E1: 200121-0004 | F1: 200121-0005
A2: =OFFSET('Current Value'!A1,COUNTA('Current Value'!A:A)-1,0) -> 07/01/2022 | B2: =IF(VLOOKUP($A$2,'Current Value'!$A$1:$E$3,2,TRUE) > VLOOKUP($A$2,UCL!$A$1:$F$16,2,TRUE),"OVER",IF(VLOOKUP($A$2,'Current Value'!$A$1:$E$3,2,TRUE) < VLOOKUP($A$2,LCL!$A$1:$F$16,2,TRUE),"UNDER","NORMAL")) -> #N/A | C2: =IF(VLOOKUP($A$2,'Current Value'!$A$1:$E$3,3,TRUE) > VLOOKUP($A$2,UCL!$A$1:$F$16,3,TRUE),"OVER",IF(VLOOKUP($A$2,'Current Value'!$A$1:$E$3,3,TRUE) < VLOOKUP($A$2,LCL!$A$1:$F$16,3,TRUE),"UNDER","NORMAL")) -> #N/A | D2: =IF(VLOOKUP($A$2,'Current Value'!$A$1:$E$3,4,TRUE) > VLOOKUP($A$2,UCL!$A$1:$F$16,4,TRUE),"OVER",IF(VLOOKUP($A$2,'Current Value'!$A$1:$E$3,4,TRUE) < VLOOKUP($A$2,LCL!$A$1:$F$16,4,TRUE),"UNDER","NORMAL")) -> #N/A | E2: =IF(VLOOKUP($A$2,'Current Value'!$A$1:$E$3,5,TRUE) > VLOOKUP($A$2,UCL!$A$1:$F$16,5,TRUE),"OVER",IF(VLOOKUP($A$2,'Current Value'!$A$1:$E$3,5,TRUE) < VLOOKUP($A$2,LCL!$A$1:$F$16,5,TRUE),"UNDER","NORMAL")) -> #N/A | F2: =IF(VLOOKUP($A$2,'Current Value'!$A$1:$E$3,6,TRUE) > VLOOKUP($A$2,UCL!$A$1:$F$16,6,TRUE),"OVER",IF(VLOOKUP($A$2,'Current Value'!$A$1:$E$3,6,TRUE) < VLOOKUP($A$2,LCL!$A$1:$F$16,6,TRUE),"UNDER","NORMAL")) -> #N/A

Sheet Bias
A1: Item ID/Date | B1: 200121-0001 | C1: 200121-0002 | D1: 200121-0003 | E1: 200121-0004 | F1: 200121-0005
A2: =OFFSET('Current Value'!A1,COUNTA('Current Value'!A:A)-1,0) -> 07/01/2022 | B2: =VLOOKUP($A2,'Current Value'!$A$1:$E$3,2,TRUE) - VLOOKUP($A2,AVG!$A$1:$F$16,2,TRUE) -> #N/A | C2: =VLOOKUP($A2,'Current Value'!$A$1:$E$3,3,TRUE) - VLOOKUP($A2,AVG!$A$1:$F$16,3,TRUE) -> #N/A | D2: =VLOOKUP($A2,'Current Value'!$A$1:$E$3,4,TRUE) - VLOOKUP($A2,AVG!$A$1:$F$16,4,TRUE) -> #N/A | E2: =VLOOKUP($A2,'Current Value'!$A$1:$E$3,5,TRUE) - VLOOKUP($A2,AVG!$A$1:$F$16,5,TRUE) -> #N/A | F2: =VLOOKUP($A2,'Current Value'!$A$1:$E$3,6,TRUE) - VLOOKUP($A2,AVG!$A$1:$F$16,6,TRUE) -> #N/A
A3: =A2-1 -> 44742 | B3: =VLOOKUP($A3,'Current Value'!$A$1:$E$3,2,TRUE) - VLOOKUP($A3,AVG!$A$1:$F$16,2,TRUE) -> #N/A | C3: =VLOOKUP($A3,'Current Value'!$A$1:$E$3,3,TRUE) - VLOOKUP($A3,AVG!$A$1:$F$16,3,TRUE) -> #N/A | D3: =VLOOKUP($A3,'Current Value'!$A$1:$E$3,4,TRUE) - VLOOKUP($A3,AVG!$A$1:$F$16,4,TRUE) -> #N/A | E3: =VLOOKUP($A3,'Current Value'!$A$1:$E$3,5,TRUE) - VLOOKUP($A3,AVG!$A$1:$F$16,5,TRUE) -> #N/A | F3: =VLOOKUP($A3,'Current Value'!$A$1:$E$3,6,TRUE) - VLOOKUP($A3,AVG!$A$1:$F$16,6,TRUE) -> #N/A
A4: =A3-1 -> 44741 | B4: =VLOOKUP($A4,'Current Value'!$A$1:$E$3,2,TRUE) - VLOOKUP($A4,AVG!$A$1:$F$16,2,TRUE) -> #N/A | C4: =VLOOKUP($A4,'Current Value'!$A$1:$E$3,3,TRUE) - VLOOKUP($A4,AVG!$A$1:$F$16,3,TRUE) -> #N/A | D4: =VLOOKUP($A4,'Current Value'!$A$1:$E$3,4,TRUE) - VLOOKUP($A4,AVG!$A$1:$F$16,4,TRUE) -> #N/A | E4: =VLOOKUP($A4,'Current Value'!$A$1:$E$3,5,TRUE) - VLOOKUP($A4,AVG!$A$1:$F$16,5,TRUE) -> #N/A | F4: =VLOOKUP($A4,'Current Value'!$A$1:$E$3,6,TRUE) - VLOOKUP($A4,AVG!$A$1:$F$16,6,TRUE) -> #N/A
A5: =A4-1 -> 44740 | B5: =VLOOKUP($A5,'Current Value'!$A$1:$E$3,2,TRUE) - VLOOKUP($A5,AVG!$A$1:$F$16,2,TRUE) -> #N/A | C5: =VLOOKUP($A5,'Current Value'!$A$1:$E$3,3,TRUE) - VLOOKUP($A5,AVG!$A$1:$F$16,3,TRUE) -> #N/A | D5: =VLOOKUP($A5,'Current Value'!$A$1:$E$3,4,TRUE) - VLOOKUP($A5,AVG!$A$1:$F$16,4,TRUE) -> #N/A | E5: =VLOOKUP($A5,'Current Value'!$A$1:$E$3,5,TRUE) - VLOOKUP($A5,AVG!$A$1:$F$16,5,TRUE) -> #N/A | F5: =VLOOKUP($A5,'Current Value'!$A$1:$E$3,6,TRUE) - VLOOKUP($A5,AVG!$A$1:$F$16,6,TRUE) -> #N/A
A6: =A5-1 -> 44739 | B6: =VLOOKUP($A6,'Current Value'!$A$1:$E$3,2,TRUE) - VLOOKUP($A6,AVG!$A$1:$F$16,2,TRUE) -> #N/A | C6: =VLOOKUP($A6,'Current Value'!$A$1:$E$3,3,TRUE) - VLOOKUP($A6,AVG!$A$1:$F$16,3,TRUE) -> #N/A | D6: =VLOOKUP($A6,'Current Value'!$A$1:$E$3,4,TRUE) - VLOOKUP($A6,AVG!$A$1:$F$16,4,TRUE) -> #N/A | E6: =VLOOKUP($A6,'Current Value'!$A$1:$E$3,5,TRUE) - VLOOKUP($A6,AVG!$A$1:$F$16,5,TRUE) -> #N/A | F6: =VLOOKUP($A6,'Current Value'!$A$1:$E$3,6,TRUE) - VLOOKUP($A6,AVG!$A$1:$F$16,6,TRUE) -> #N/A
A7: =A6-1 -> 44738 | B7: =VLOOKUP($A7,'Current Value'!$A$1:$E$3,2,TRUE) - VLOOKUP($A7,AVG!$A$1:$F$16,2,TRUE) -> #N/A | C7: =VLOOKUP($A7,'Current Value'!$A$1:$E$3,3,TRUE) - VLOOKUP($A7,AVG!$A$1:$F$16,3,TRUE) -> #N/A | D7: =VLOOKUP($A7,'Current Value'!$A$1:$E$3,4,TRUE) - VLOOKUP($A7,AVG!$A$1:$F$16,4,TRUE) -> #N/A | E7: =VLOOKUP($A7,'Current Value'!$A$1:$E$3,5,TRUE) - VLOOKUP($A7,AVG!$A$1:$F$16,5,TRUE) -> #N/A | F7: =VLOOKUP($A7,'Current Value'!$A$1:$E$3,6,TRUE) - VLOOKUP($A7,AVG!$A$1:$F$16,6,TRUE) -> #N/A
A8: =A7-1 -> 44737 | B8: =VLOOKUP($A8,'Current Value'!$A$1:$E$3,2,TRUE) - VLOOKUP($A8,AVG!$A$1:$F$16,2,TRUE) -> #N/A | C8: =VLOOKUP($A8,'Current Value'!$A$1:$E$3,3,TRUE) - VLOOKUP($A8,AVG!$A$1:$F$16,3,TRUE) -> #N/A | D8: =VLOOKUP($A8,'Current Value'!$A$1:$E$3,4,TRUE) - VLOOKUP($A8,AVG!$A$1:$F$16,4,TRUE) -> #N/A | E8: =VLOOKUP($A8,'Current Value'!$A$1:$E$3,5,TRUE) - VLOOKUP($A8,AVG!$A$1:$F$16,5,TRUE) -> #N/A | F8: =VLOOKUP($A8,'Current Value'!$A$1:$E$3,6,TRUE) - VLOOKUP($A8,AVG!$A$1:$F$16,6,TRUE) -> #N/A
A9: =A8-1 -> 44736 | B9: =VLOOKUP($A9,'Current Value'!$A$1:$E$3,2,TRUE) - VLOOKUP($A9,AVG!$A$1:$F$16,2,TRUE) -> #N/A | C9: =VLOOKUP($A9,'Current Value'!$A$1:$E$3,3,TRUE) - VLOOKUP($A9,AVG!$A$1:$F$16,3,TRUE) -> #N/A | D9: =VLOOKUP($A9,'Current Value'!$A$1:$E$3,4,TRUE) - VLOOKUP($A9,AVG!$A$1:$F$16,4,TRUE) -> #N/A | E9: =VLOOKUP($A9,'Current Value'!$A$1:$E$3,5,TRUE) - VLOOKUP($A9,AVG!$A$1:$F$16,5,TRUE) -> #N/A | F9: =VLOOKUP($A9,'Current Value'!$A$1:$E$3,6,TRUE) - VLOOKUP($A9,AVG!$A$1:$F$16,6,TRUE) -> #N/A
B10: =IF(COUNTIF(B2:B8,"<0") = 7,"LWL",IF(COUNTIF(B2:B8,">0") = 7, "UWL","NORMAL")) -> NORMAL | C10: =IF(COUNTIF(C2:C8,"<0") = 7,"LWL",IF(COUNTIF(C2:C8,">0") = 7, "UWL","NORMAL")) -> NORMAL | D10: =IF(COUNTIF(D2:D8,"<0") = 7,"LWL",IF(COUNTIF(D2:D8,">0") = 7, "UWL","NORMAL")) -> NORMAL | E10: =IF(COUNTIF(E2:E8,"<0") = 7,"LWL",IF(COUNTIF(E2:E8,">0") = 7, "UWL","NORMAL")) -> NORMAL | F10: =IF(COUNTIF(F2:F8,"<0") = 7,"LWL",IF(COUNTIF(F2:F8,">0") = 7, "UWL","NORMAL")) -> NORMAL

Sheet Trend
A1: Item ID/Date | B1: 200121-0001 | C1: 200121-0002 | D1: 200121-0003 | E1: 200121-0004 | F1: 200121-0005
A2: =OFFSET('Current Value'!A1,COUNTA('Current Value'!A:A)-1,0) -> 07/01/2022 | B2: =VLOOKUP($A2,'Current Value'!$A$1:$E$3,2,TRUE) - VLOOKUP($A3,'Current Value'!$A$1:$E$3,2,TRUE) -> #N/A | C2: =VLOOKUP($A2,'Current Value'!$A$1:$E$3,3,TRUE) - VLOOKUP($A3,'Current Value'!$A$1:$E$3,3,TRUE) -> #N/A | D2: =VLOOKUP($A2,'Current Value'!$A$1:$E$3,4,TRUE) - VLOOKUP($A3,'Current Value'!$A$1:$E$3,4,TRUE) -> #N/A | E2: =VLOOKUP($A2,'Current Value'!$A$1:$E$3,5,TRUE) - VLOOKUP($A3,'Current Value'!$A$1:$E$3,5,TRUE) -> #N/A | F2: =VLOOKUP($A2,'Current Value'!$A$1:$E$3,6,TRUE) - VLOOKUP($A3,'Current Value'!$A$1:$E$3,6,TRUE) -> #N/A
A3: =A2-1 -> 44742 | B3: =VLOOKUP($A3,'Current Value'!$A$1:$E$3,2,TRUE) - VLOOKUP($A4,'Current Value'!$A$1:$E$3,2,TRUE) -> #N/A | C3: =VLOOKUP($A3,'Current Value'!$A$1:$E$3,3,TRUE) - VLOOKUP($A4,'Current Value'!$A$1:$E$3,3,TRUE) -> #N/A | D3: =VLOOKUP($A3,'Current Value'!$A$1:$E$3,4,TRUE) - VLOOKUP($A4,'Current Value'!$A$1:$E$3,4,TRUE) -> #N/A | E3: =VLOOKUP($A3,'Current Value'!$A$1:$E$3,5,TRUE) - VLOOKUP($A4,'Current Value'!$A$1:$E$3,5,TRUE) -> #N/A | F3: =VLOOKUP($A3,'Current Value'!$A$1:$E$3,6,TRUE) - VLOOKUP($A4,'Current Value'!$A$1:$E$3,6,TRUE) -> #N/A
A4: =A3-1 -> 44741 | B4: =VLOOKUP($A4,'Current Value'!$A$1:$E$3,2,TRUE) - VLOOKUP($A5,'Current Value'!$A$1:$E$3,2,TRUE) -> #N/A | C4: =VLOOKUP($A4,'Current Value'!$A$1:$E$3,3,TRUE) - VLOOKUP($A5,'Current Value'!$A$1:$E$3,3,TRUE) -> #N/A | D4: =VLOOKUP($A4,'Current Value'!$A$1:$E$3,4,TRUE) - VLOOKUP($A5,'Current Value'!$A$1:$E$3,4,TRUE) -> #N/A | E4: =VLOOKUP($A4,'Current Value'!$A$1:$E$3,5,TRUE) - VLOOKUP($A5,'Current Value'!$A$1:$E$3,5,TRUE) -> #N/A | F4: =VLOOKUP($A4,'Current Value'!$A$1:$E$3,6,TRUE) - VLOOKUP($A5,'Current Value'!$A$1:$E$3,6,TRUE) -> #N/A
A5: =A4-1 -> 44740 | B5: =VLOOKUP($A5,'Current Value'!$A$1:$E$3,2,TRUE) - VLOOKUP($A6,'Current Value'!$A$1:$E$3,2,TRUE) -> #N/A | C5: =VLOOKUP($A5,'Current Value'!$A$1:$E$3,3,TRUE) - VLOOKUP($A6,'Current Value'!$A$1:$E$3,3,TRUE) -> #N/A | D5: =VLOOKUP($A5,'Current Value'!$A$1:$E$3,4,TRUE) - VLOOKUP($A6,'Current Value'!$A$1:$E$3,4,TRUE) -> #N/A | E5: =VLOOKUP($A5,'Current Value'!$A$1:$E$3,5,TRUE) - VLOOKUP($A6,'Current Value'!$A$1:$E$3,5,TRUE) -> #N/A | F5: =VLOOKUP($A5,'Current Value'!$A$1:$E$3,6,TRUE) - VLOOKUP($A6,'Current Value'!$A$1:$E$3,6,TRUE) -> #N/A
A6: =A5-1 -> 44739 | B6: =VLOOKUP($A6,'Current Value'!$A$1:$E$3,2,TRUE) - VLOOKUP($A7,'Current Value'!$A$1:$E$3,2,TRUE) -> #N/A | C6: =VLOOKUP($A6,'Current Value'!$A$1:$E$3,3,TRUE) - VLOOKUP($A7,'Current Value'!$A$1:$E$3,3,TRUE) -> #N/A | D6: =VLOOKUP($A6,'Current Value'!$A$1:$E$3,4,TRUE) - VLOOKUP($A7,'Current Value'!$A$1:$E$3,4,TRUE) -> #N/A | E6: =VLOOKUP($A6,'Current Value'!$A$1:$E$3,5,TRUE) - VLOOKUP($A7,'Current Value'!$A$1:$E$3,5,TRUE) -> #N/A | F6: =VLOOKUP($A6,'Current Value'!$A$1:$E$3,6,TRUE) - VLOOKUP($A7,'Current Value'!$A$1:$E$3,6,TRUE) -> #N/A
A7: =A6-1 -> 44738 | B7: =VLOOKUP($A7,'Current Value'!$A$1:$E$3,2,TRUE) - VLOOKUP($A8,'Current Value'!$A$1:$E$3,2,TRUE) -> #N/A | C7: =VLOOKUP($A7,'Current Value'!$A$1:$E$3,3,TRUE) - VLOOKUP($A8,'Current Value'!$A$1:$E$3,3,TRUE) -> #N/A | D7: =VLOOKUP($A7,'Current Value'!$A$1:$E$3,4,TRUE) - VLOOKUP($A8,'Current Value'!$A$1:$E$3,4,TRUE) -> #N/A | E7: =VLOOKUP($A7,'Current Value'!$A$1:$E$3,5,TRUE) - VLOOKUP($A8,'Current Value'!$A$1:$E$3,5,TRUE) -> #N/A | F7: =VLOOKUP($A7,'Current Value'!$A$1:$E$3,6,TRUE) - VLOOKUP($A8,'Current Value'!$A$1:$E$3,6,TRUE) -> #N/A
A8: =A7-1 -> 44737 | B8: =VLOOKUP($A8,'Current Value'!$A$1:$E$3,2,TRUE) - VLOOKUP($A9,'Current Value'!$A$1:$E$3,2,TRUE) -> #N/A | C8: =VLOOKUP($A8,'Current Value'!$A$1:$E$3,3,TRUE) - VLOOKUP($A9,'Current Value'!$A$1:$E$3,3,TRUE) -> #N/A | D8: =VLOOKUP($A8,'Current Value'!$A$1:$E$3,4,TRUE) - VLOOKUP($A9,'Current Value'!$A$1:$E$3,4,TRUE) -> #N/A | E8: =VLOOKUP($A8,'Current Value'!$A$1:$E$3,5,TRUE) - VLOOKUP($A9,'Current Value'!$A$1:$E$3,5,TRUE) -> #N/A | F8: =VLOOKUP($A8,'Current Value'!$A$1:$E$3,6,TRUE) - VLOOKUP($A9,'Current Value'!$A$1:$E$3,6,TRUE) -> #N/A
A9: =A8-1 -> 44736 | B9: =VLOOKUP($A9,'Current Value'!$A$1:$E$3,2,TRUE) -> #N/A | C9: =VLOOKUP($A9,'Current Value'!$A$4:$E$8,3,TRUE) -> #N/A | D9: =VLOOKUP($A9,'Current Value'!$A$1:$E$3,4,TRUE) -> #N/A | E9: =VLOOKUP($A9,'Current Value'!$A$1:$E$3,5,TRUE) -> #N/A | F9: =VLOOKUP($A9,'Current Value'!$A$1:$E$3,6,TRUE) -> #N/A
B10: =IF(COUNTIF(B2:B8,"<0") = 7,"DOWN",IF(COUNTIF(B2:B8,"<0") = 7, "UP","NORMAL")) -> NORMAL | C10: =IF(COUNTIF(C2:C8,"<0") = 7,"DOWN",IF(COUNTIF(C2:C8,">0") = 7, "UP","NORMAL")) -> NORMAL | D10: =IF(COUNTIF(D2:D8,"<0") = 7,"DOWN",IF(COUNTIF(D2:D8,">0") = 7, "UP","NORMAL")) -> NORMAL | E10: =IF(COUNTIF(E2:E8,"<0") = 7,"DOWN",IF(COUNTIF(E2:E8,">0") = 7, "UP","NORMAL")) -> NORMAL | F10: =IF(COUNTIF(F2:F8,"<0") = 7,"DOWN",IF(COUNTIF(F2:F8,">0") = 7, "UP","NORMAL")) -> NORMAL

Sheet Over Control
A1: Item ID/Date | B1: 200121-0001 | C1: 200121-0002 | D1: 200121-0003 | E1: 200121-0004 | F1: 200121-0005
A2: =OFFSET('Current Value'!A1,COUNTA('Current Value'!A:A)-1,0) -> 07/01/2022 | B2: =VLOOKUP($A2,'Current Value'!$A$1:$E$3,2,TRUE) - VLOOKUP($A3,'Current Value'!$A$1:$E$3,2,TRUE) -> #N/A | C2: =VLOOKUP($A2,'Current Value'!$A$1:$E$3,3,TRUE) - VLOOKUP($A3,'Current Value'!$A$1:$E$3,3,TRUE) -> #N/A | D2: =VLOOKUP($A2,'Current Value'!$A$1:$E$3,4,TRUE) - VLOOKUP($A3,'Current Value'!$A$1:$E$3,4,TRUE) -> #N/A | E2: =VLOOKUP($A2,'Current Value'!$A$1:$E$3,5,TRUE) - VLOOKUP($A3,'Current Value'!$A$1:$E$3,5,TRUE) -> #N/A | F2: =VLOOKUP($A2,'Current Value'!$A$1:$E$3,6,TRUE) - VLOOKUP($A3,'Current Value'!$A$1:$E$3,6,TRUE) -> #N/A
A3: =A2-1 -> 44742 | B3: =VLOOKUP($A3,'Current Value'!$A$1:$E$3,2,TRUE) - VLOOKUP($A4,'Current Value'!$A$1:$E$3,2,TRUE) -> #N/A | C3: =VLOOKUP($A3,'Current Value'!$A$1:$E$3,3,TRUE) - VLOOKUP($A4,'Current Value'!$A$1:$E$3,3,TRUE) -> #N/A | D3: =VLOOKUP($A3,'Current Value'!$A$1:$E$3,4,TRUE) - VLOOKUP($A4,'Current Value'!$A$1:$E$3,4,TRUE) -> #N/A | E3: =VLOOKUP($A3,'Current Value'!$A$1:$E$3,5,TRUE) - VLOOKUP($A4,'Current Value'!$A$1:$E$3,5,TRUE) -> #N/A | F3: =VLOOKUP($A3,'Current Value'!$A$1:$E$3,6,TRUE) - VLOOKUP($A4,'Current Value'!$A$1:$E$3,6,TRUE) -> #N/A
A4: =A3-1 -> 44741 | B4: =VLOOKUP($A4,'Current Value'!$A$1:$E$3,2,TRUE) - VLOOKUP($A5,'Current Value'!$A$1:$E$3,2,TRUE) -> #N/A | C4: =VLOOKUP($A4,'Current Value'!$A$1:$E$3,3,TRUE) - VLOOKUP($A5,'Current Value'!$A$1:$E$3,3,TRUE) -> #N/A | D4: =VLOOKUP($A4,'Current Value'!$A$1:$E$3,4,TRUE) - VLOOKUP($A5,'Current Value'!$A$1:$E$3,4,TRUE) -> #N/A | E4: =VLOOKUP($A4,'Current Value'!$A$1:$E$3,5,TRUE) - VLOOKUP($A5,'Current Value'!$A$1:$E$3,5,TRUE) -> #N/A | F4: =VLOOKUP($A4,'Current Value'!$A$1:$E$3,6,TRUE) - VLOOKUP($A5,'Current Value'!$A$1:$E$3,6,TRUE) -> #N/A
A5: =A4-1 -> 44740 | B5: =VLOOKUP($A5,'Current Value'!$A$1:$E$3,2,TRUE) - VLOOKUP($A6,'Current Value'!$A$1:$E$3,2,TRUE) -> #N/A | C5: =VLOOKUP($A5,'Current Value'!$A$1:$E$3,3,TRUE) - VLOOKUP($A6,'Current Value'!$A$1:$E$3,3,TRUE) -> #N/A | D5: =VLOOKUP($A5,'Current Value'!$A$1:$E$3,4,TRUE) - VLOOKUP($A6,'Current Value'!$A$1:$E$3,4,TRUE) -> #N/A | E5: =VLOOKUP($A5,'Current Value'!$A$1:$E$3,5,TRUE) - VLOOKUP($A6,'Current Value'!$A$1:$E$3,5,TRUE) -> #N/A | F5: =VLOOKUP($A5,'Current Value'!$A$1:$E$3,6,TRUE) - VLOOKUP($A6,'Current Value'!$A$1:$E$3,6,TRUE) -> #N/A
A6: =A5-1 -> 44739 | B6: =VLOOKUP($A6,'Current Value'!$A$1:$E$3,2,TRUE) - VLOOKUP($A7,'Current Value'!$A$1:$E$3,2,TRUE) -> #N/A | C6: =VLOOKUP($A6,'Current Value'!$A$1:$E$3,3,TRUE) - VLOOKUP($A7,'Current Value'!$A$1:$E$3,3,TRUE) -> #N/A | D6: =VLOOKUP($A6,'Current Value'!$A$1:$E$3,4,TRUE) - VLOOKUP($A7,'Current Value'!$A$1:$E$3,4,TRUE) -> #N/A | E6: =VLOOKUP($A6,'Current Value'!$A$1:$E$3,5,TRUE) - VLOOKUP($A7,'Current Value'!$A$1:$E$3,5,TRUE) -> #N/A | F6: =VLOOKUP($A6,'Current Value'!$A$1:$E$3,6,TRUE) - VLOOKUP($A7,'Current Value'!$A$1:$E$3,6,TRUE) -> #N/A
A7: =A6-1 -> 44738 | B7: =VLOOKUP($A7,'Current Value'!$A$1:$E$3,2,TRUE) - VLOOKUP($A8,'Current Value'!$A$1:$E$3,2,TRUE) -> #N/A | C7: =VLOOKUP($A7,'Current Value'!$A$1:$E$3,3,TRUE) - VLOOKUP($A8,'Current Value'!$A$1:$E$3,3,TRUE) -> #N/A | D7: =VLOOKUP($A7,'Current Value'!$A$1:$E$3,4,TRUE) - VLOOKUP($A8,'Current Value'!$A$1:$E$3,4,TRUE) -> #N/A | E7: =VLOOKUP($A7,'Current Value'!$A$1:$E$3,5,TRUE) - VLOOKUP($A8,'Current Value'!$A$1:$E$3,5,TRUE) -> #N/A | F7: =VLOOKUP($A7,'Current Value'!$A$1:$E$3,6,TRUE) - VLOOKUP($A8,'Current Value'!$A$1:$E$3,6,TRUE) -> #N/A
A8: =A7-1 -> 44737 | B8: =VLOOKUP($A8,'Current Value'!$A$1:$E$3,2,TRUE) - VLOOKUP($A9,'Current Value'!$A$1:$E$3,2,TRUE) -> #N/A | C8: =VLOOKUP($A8,'Current Value'!$A$1:$E$3,3,TRUE) - VLOOKUP($A9,'Current Value'!$A$1:$E$3,3,TRUE) -> #N/A | D8: =VLOOKUP($A8,'Current Value'!$A$1:$E$3,4,TRUE) - VLOOKUP($A9,'Current Value'!$A$1:$E$3,4,TRUE) -> #N/A | E8: =VLOOKUP($A8,'Current Value'!$A$1:$E$3,5,TRUE) - VLOOKUP($A9,'Current Value'!$A$1:$E$3,5,TRUE) -> #N/A | F8: =VLOOKUP($A8,'Current Value'!$A$1:$E$3,6,TRUE) - VLOOKUP($A9,'Current Value'!$A$1:$E$3,6,TRUE) -> #N/A
A9: =A8-1 -> 44736 | B9: =VLOOKUP($A9,'Current Value'!$A$1:$E$3,2,TRUE) - VLOOKUP($A10,'Current Value'!$A$1:$E$3,2,TRUE) -> #N/A | C9: =VLOOKUP($A9,'Current Value'!$A$1:$E$3,3,TRUE) - VLOOKUP($A10,'Current Value'!$A$1:$E$3,3,TRUE) -> #N/A | D9: =VLOOKUP($A9,'Current Value'!$A$1:$E$3,4,TRUE) - VLOOKUP($A10,'Current Value'!$A$1:$E$3,4,TRUE) -> #N/A | E9: =VLOOKUP($A9,'Current Value'!$A$1:$E$3,5,TRUE) - VLOOKUP($A10,'Current Value'!$A$1:$E$3,5,TRUE) -> #N/A | F9: =VLOOKUP($A9,'Current Value'!$A$1:$E$3,6,TRUE) - VLOOKUP($A10,'Current Value'!$A$1:$E$3,6,TRUE) -> #N/A
A10: =A9-1 -> 44735 | B10: =VLOOKUP($A10,'Current Value'!$A$1:$E$3,2,TRUE) - VLOOKUP($A11,'Current Value'!$A$1:$E$3,2,TRUE) -> #N/A | C10: =VLOOKUP($A10,'Current Value'!$A$1:$E$3,3,TRUE) - VLOOKUP($A11,'Current Value'!$A$1:$E$3,3,TRUE) -> #N/A | D10: =VLOOKUP($A10,'Current Value'!$A$1:$E$3,4,TRUE) - VLOOKUP($A11,'Current Value'!$A$1:$E$3,4,TRUE) -> #N/A | E10: =VLOOKUP($A10,'Current Value'!$A$1:$E$3,5,TRUE) - VLOOKUP($A11,'Current Value'!$A$1:$E$3,5,TRUE) -> #N/A | F10: =VLOOKUP($A10,'Current Value'!$A$1:$E$3,6,TRUE) - VLOOKUP($A11,'Current Value'!$A$1:$E$3,6,TRUE) -> #N/A
A11: =A10-1 -> 44734 | B11: =VLOOKUP($A11,'Current Value'!$A$1:$E$3,2,TRUE) - VLOOKUP($A12,'Current Value'!$A$1:$E$3,2,TRUE) -> #N/A | C11: =VLOOKUP($A11,'Current Value'!$A$1:$E$3,3,TRUE) - VLOOKUP($A12,'Current Value'!$A$1:$E$3,3,TRUE) -> #N/A | D11: =VLOOKUP($A11,'Current Value'!$A$1:$E$3,4,TRUE) - VLOOKUP($A12,'Current Value'!$A$1:$E$3,4,TRUE) -> #N/A | E11: =VLOOKUP($A11,'Current Value'!$A$1:$E$3,5,TRUE) - VLOOKUP($A12,'Current Value'!$A$1:$E$3,5,TRUE) -> #N/A | F11: =VLOOKUP($A11,'Current Value'!$A$1:$E$3,6,TRUE) - VLOOKUP($A12,'Current Value'!$A$1:$E$3,6,TRUE) -> #N/A
A12: =A11-1 -> 44733 | B12: =VLOOKUP($A12,'Current Value'!$A$1:$E$3,2,TRUE) - VLOOKUP($A13,'Current Value'!$A$1:$E$3,2,TRUE) -> #N/A | C12: =VLOOKUP($A12,'Current Value'!$A$1:$E$3,3,TRUE) - VLOOKUP($A13,'Current Value'!$A$1:$E$3,3,TRUE) -> #N/A | D12: =VLOOKUP($A12,'Current Value'!$A$1:$E$3,4,TRUE) - VLOOKUP($A13,'Current Value'!$A$1:$E$3,4,TRUE) -> #N/A | E12: =VLOOKUP($A12,'Current Value'!$A$1:$E$3,5,TRUE) - VLOOKUP($A13,'Current Value'!$A$1:$E$3,5,TRUE) -> #N/A | F12: =VLOOKUP($A12,'Current Value'!$A$1:$E$3,6,TRUE) - VLOOKUP($A13,'Current Value'!$A$1:$E$3,6,TRUE) -> #N/A
A13: =A12-1 -> 44732 | B13: =VLOOKUP($A13,'Current Value'!$A$1:$E$3,2,TRUE) - VLOOKUP($A14,'Current Value'!$A$1:$E$3,2,TRUE) -> #N/A | C13: =VLOOKUP($A13,'Current Value'!$A$1:$E$3,3,TRUE) - VLOOKUP($A14,'Current Value'!$A$1:$E$3,3,TRUE) -> #N/A | D13: =VLOOKUP($A13,'Current Value'!$A$1:$E$3,4,TRUE) - VLOOKUP($A14,'Current Value'!$A$1:$E$3,4,TRUE) -> #N/A | E13: =VLOOKUP($A13,'Current Value'!$A$1:$E$3,5,TRUE) - VLOOKUP($A14,'Current Value'!$A$1:$E$3,5,TRUE) -> #N/A | F13: =VLOOKUP($A13,'Current Value'!$A$1:$E$3,6,TRUE) - VLOOKUP($A14,'Current Value'!$A$1:$E$3,6,TRUE) -> #N/A
A14: =A13-1 -> 44731 | B14: =VLOOKUP($A14,'Current Value'!$A$1:$E$3,2,TRUE) - VLOOKUP($A15,'Current Value'!$A$1:$E$3,2,TRUE) -> #N/A | C14: =VLOOKUP($A14,'Current Value'!$A$1:$E$3,3,TRUE) - VLOOKUP($A15,'Current Value'!$A$1:$E$3,3,TRUE) -> #N/A | D14: =VLOOKUP($A14,'Current Value'!$A$1:$E$3,4,TRUE) - VLOOKUP($A15,'Current Value'!$A$1:$E$3,4,TRUE) -> #N/A | E14: =VLOOKUP($A14,'Current Value'!$A$1:$E$3,5,TRUE) - VLOOKUP($A15,'Current Value'!$A$1:$E$3,5,TRUE) -> #N/A | F14: =VLOOKUP($A14,'Current Value'!$A$1:$E$3,6,TRUE) - VLOOKUP($A15,'Current Value'!$A$1:$E$3,6,TRUE) -> #N/A
A15: =A14-1 -> 44730 | B15: =VLOOKUP($A15,'Current Value'!$A$1:$E$3,2,TRUE) - VLOOKUP($A16,'Current Value'!$A$1:$E$3,2,TRUE) -> #N/A | C15: =VLOOKUP($A15,'Current Value'!$A$1:$E$3,3,TRUE) - VLOOKUP($A16,'Current Value'!$A$1:$E$3,3,TRUE) -> #N/A | D15: =VLOOKUP($A15,'Current Value'!$A$1:$E$3,4,TRUE) - VLOOKUP($A16,'Current Value'!$A$1:$E$3,4,TRUE) -> #N/A | E15: =VLOOKUP($A15,'Current Value'!$A$1:$E$3,5,TRUE) - VLOOKUP($A16,'Current Value'!$A$1:$E$3,5,TRUE) -> #N/A | F15: =VLOOKUP($A15,'Current Value'!$A$1:$E$3,6,TRUE) - VLOOKUP($A16,'Current Value'!$A$1:$E$3,6,TRUE) -> #N/A
A16: =A15-1 -> 44729 | B16: =VLOOKUP($A16,'Current Value'!$A$1:$E$3,2,TRUE) -> #N/A | C16: =VLOOKUP($A16,'Current Value'!$A$1:$E$3,3,TRUE) -> #N/A | D16: =VLOOKUP($A16,'Current Value'!$A$1:$E$3,4,TRUE) -> #N/A | E16: =VLOOKUP($A16,'Current Value'!$A$1:$E$3,5,TRUE) - VLOOKUP($A17,'Current Value'!$A$1:$E$3,5,TRUE) -> #N/A | F16: =VLOOKUP($A16,'Current Value'!$A$1:$E$3,6,TRUE) -> #N/A
A17: =A16-1 -> 44728 | B17: =VLOOKUP($A17,'Current Value'!$A$1:$E$3,2,TRUE) -> #N/A | C17: =VLOOKUP($A17,'Current Value'!$A$1:$E$3,3,TRUE) -> #N/A | D17: =VLOOKUP($A17,'Current Value'!$A$1:$E$3,4,TRUE) -> #N/A | E17: =VLOOKUP($A17,'Current Value'!$A$1:$E$3,5,TRUE) -> #N/A | F17: =VLOOKUP($A17,'Current Value'!$A$1:$E$3,6,TRUE) -> #N/A
B18: =IF(SUM(B19:B32) = 14,"TRUE","FALSE") -> #N/A | C18: =IF(SUM(C19:C32) = 14,"TRUE","FALSE") -> #N/A | D18: =IF(SUM(D19:D32) = 14,"TRUE","FALSE") -> #N/A | E18: =IF(SUM(E19:E32) = 14,"TRUE","FALSE") -> #N/A | F18: =IF(SUM(F19:F32) = 14,"TRUE","FALSE") -> #N/A
A19: =A2 -> 07/01/2022 | B19: =IF(B2<0,IF(B3>0,1,0),IF(B3<0,1,0)) -> #N/A | C19: =IF(C2<0,IF(C3>0,1,0),IF(C3<0,1,0)) -> #N/A | D19: =IF(D2<0,IF(D3>0,1,0),IF(D3<0,1,0)) -> #N/A | E19: =IF(E2<0,IF(E3>0,1,0),IF(E3<0,1,0)) -> #N/A | F19: =IF(F2<0,IF(F3>0,1,0),IF(F3<0,1,0)) -> #N/A
A20: =A3 -> 44742 | B20: =IF(B3<0,IF(B4>0,1,0),IF(B4<0,1,0)) -> #N/A | C20: =IF(C3<0,IF(C4>0,1,0),IF(C4<0,1,0)) -> #N/A | D20: =IF(D3<0,IF(D4>0,1,0),IF(D4<0,1,0)) -> #N/A | E20: =IF(E3<0,IF(E4>0,1,0),IF(E4<0,1,0)) -> #N/A | F20: =IF(F3<0,IF(F4>0,1,0),IF(F4<0,1,0)) -> #N/A
A21: =A4 -> 44741 | B21: =IF(B4<0,IF(B5>0,1,0),IF(B5<0,1,0)) -> #N/A | C21: =IF(C4<0,IF(C5>0,1,0),IF(C5<0,1,0)) -> #N/A | D21: =IF(D4<0,IF(D5>0,1,0),IF(D5<0,1,0)) -> #N/A | E21: =IF(E4<0,IF(E5>0,1,0),IF(E5<0,1,0)) -> #N/A | F21: =IF(F4<0,IF(F5>0,1,0),IF(F5<0,1,0)) -> #N/A
A22: =A5 -> 44740 | B22: =IF(B5<0,IF(B6>0,1,0),IF(B6<0,1,0)) -> #N/A | C22: =IF(C5<0,IF(C6>0,1,0),IF(C6<0,1,0)) -> #N/A | D22: =IF(D5<0,IF(D6>0,1,0),IF(D6<0,1,0)) -> #N/A | E22: =IF(E5<0,IF(E6>0,1,0),IF(E6<0,1,0)) -> #N/A | F22: =IF(F5<0,IF(F6>0,1,0),IF(F6<0,1,0)) -> #N/A
A23: =A6 -> 44739 | B23: =IF(B6<0,IF(B7>0,1,0),IF(B7<0,1,0)) -> #N/A | C23: =IF(C6<0,IF(C7>0,1,0),IF(C7<0,1,0)) -> #N/A | D23: =IF(D6<0,IF(D7>0,1,0),IF(D7<0,1,0)) -> #N/A | E23: =IF(E6<0,IF(E7>0,1,0),IF(E7<0,1,0)) -> #N/A | F23: =IF(F6<0,IF(F7>0,1,0),IF(F7<0,1,0)) -> #N/A
A24: =A7 -> 44738 | B24: =IF(B7<0,IF(B8>0,1,0),IF(B8<0,1,0)) -> #N/A | C24: =IF(C7<0,IF(C8>0,1,0),IF(C8<0,1,0)) -> #N/A | D24: =IF(D7<0,IF(D8>0,1,0),IF(D8<0,1,0)) -> #N/A | E24: =IF(E7<0,IF(E8>0,1,0),IF(E8<0,1,0)) -> #N/A | F24: =IF(F7<0,IF(F8>0,1,0),IF(F8<0,1,0)) -> #N/A
A25: =A8 -> 44737 | B25: =IF(B8<0,IF(B9>0,1,0),IF(B9<0,1,0)) -> #N/A | C25: =IF(C8<0,IF(C9>0,1,0),IF(C9<0,1,0)) -> #N/A | D25: =IF(D8<0,IF(D9>0,1,0),IF(D9<0,1,0)) -> #N/A | E25: =IF(E8<0,IF(E9>0,1,0),IF(E9<0,1,0)) -> #N/A | F25: =IF(F8<0,IF(F9>0,1,0),IF(F9<0,1,0)) -> #N/A
A26: =A9 -> 44736 | B26: =IF(B9<0,IF(B10>0,1,0),IF(B10<0,1,0)) -> #N/A | C26: =IF(C9<0,IF(C10>0,1,0),IF(C10<0,1,0)) -> #N/A | D26: =IF(D9<0,IF(D10>0,1,0),IF(D10<0,1,0)) -> #N/A | E26: =IF(E9<0,IF(E10>0,1,0),IF(E10<0,1,0)) -> #N/A | F26: =IF(F9<0,IF(F10>0,1,0),IF(F10<0,1,0)) -> #N/A
A27: =A10 -> 44735 | B27: =IF(B10<0,IF(B11>0,1,0),IF(B11<0,1,0)) -> #N/A | C27: =IF(C10<0,IF(C11>0,1,0),IF(C11<0,1,0)) -> #N/A | D27: =IF(D10<0,IF(D11>0,1,0),IF(D11<0,1,0)) -> #N/A | E27: =IF(E10<0,IF(E11>0,1,0),IF(E11<0,1,0)) -> #N/A | F27: =IF(F10<0,IF(F11>0,1,0),IF(F11<0,1,0)) -> #N/A
A28: =A11 -> 44734 | B28: =IF(B11<0,IF(B12>0,1,0),IF(B12<0,1,0)) -> #N/A | C28: =IF(C11<0,IF(C12>0,1,0),IF(C12<0,1,0)) -> #N/A | D28: =IF(D11<0,IF(D12>0,1,0),IF(D12<0,1,0)) -> #N/A | E28: =IF(E11<0,IF(E12>0,1,0),IF(E12<0,1,0)) -> #N/A | F28: =IF(F11<0,IF(F12>0,1,0),IF(F12<0,1,0)) -> #N/A
A29: =A12 -> 44733 | B29: =IF(B12<0,IF(B13>0,1,0),IF(B13<0,1,0)) -> #N/A | C29: =IF(C12<0,IF(C13>0,1,0),IF(C13<0,1,0)) -> #N/A | D29: =IF(D12<0,IF(D13>0,1,0),IF(D13<0,1,0)) -> #N/A | E29: =IF(E12<0,IF(E13>0,1,0),IF(E13<0,1,0)) -> #N/A | F29: =IF(F12<0,IF(F13>0,1,0),IF(F13<0,1,0)) -> #N/A
A30: =A13 -> 44732 | B30: =IF(B13<0,IF(B14>0,1,0),IF(B14<0,1,0)) -> #N/A | C30: =IF(C13<0,IF(C14>0,1,0),IF(C14<0,1,0)) -> #N/A | D30: =IF(D13<0,IF(D14>0,1,0),IF(D14<0,1,0)) -> #N/A | E30: =IF(E13<0,IF(E14>0,1,0),IF(E14<0,1,0)) -> #N/A | F30: =IF(F13<0,IF(F14>0,1,0),IF(F14<0,1,0)) -> #N/A
... A32: =A15 -> 44730 | B32: =IF(B15<0,IF(B16>0,1,0),IF(B16<0,1,0)) -> #N/A | C32: =IF(C15<0,IF(C16>0,1,0),IF(C16<0,1,0)) -> #N/A | D32: =IF(D15<0,IF(D16>0,1,0),IF(D16<0,1,0)) -> #N/A | E32: =IF(E15<0,IF(E16>0,1,0),IF(E16<0,1,0)) -> #N/A | F32: =IF(F15<0,IF(F16>0,1,0),IF(F16<0,1,0)) -> #N/A

Sheet Summary
A1: ITEM ID | B1: =Table1[[#Headers],[200121-00001]] -> 200121-00001 | C1: =#REF! -> #REF! | D1: =Table1[[#Headers],[200121-0003]] -> 200121-0003 | E1: =Table1[[#Headers],[200121-0004]] -> 200121-0004 | F1: =Table1[[#Headers],[200121-0005]] -> 200121-0005
A2: Control Type
A3: Beyond Limit | B3: =Table5[200121-0001] -> #N/A | C3: =Table5[200121-0002] -> #N/A | D3: =Table5[200121-0003] -> #N/A | E3: =Table5[200121-0004] -> #N/A | F3: =Table5[200121-0005] -> #N/A
A4: Bias | B4: =Bias!B10 -> NORMAL | C4: =Bias!C10 -> NORMAL | D4: =Bias!D10 -> NORMAL | E4: =Bias!E10 -> NORMAL | F4: =Bias!F10 -> NORMAL
A5: Trend | B5: =Trend!B10 -> NORMAL | C5: =Trend!C10 -> NORMAL | D5: =Trend!D10 -> NORMAL | E5: =Trend!E10 -> NORMAL | F5: =Trend!F10 -> NORMAL
A6: Over Control | B6: ='Over Control'!B18 -> #N/A | C6: ='Over Control'!C18 -> #N/A | D6: ='Over Control'!D18 -> #N/A | E6: ='Over Control'!E18 -> #N/A | F6: ='Over Control'!F18 -> #N/A
